{"layer_count":4,"d":[3,4,4,4],"w":[[[0.680375434309419,-0.2991296633897729,0.47228680387788335,0.7761200848487892],[0.5968800669521466,0.729854521873364,-0.7017267915943395,-1.0947895724311432],[-0.32955448857022196,0.35506327910001456,-0.6352465491999304,0.7998586028056734]],[[0.10793991159086103,-0.015891539578557965,0.02023182962879758,-0.08458567870883645],[-0.2704310544163133,0.09910874681377578,0.7212378104304841,-0.07419398318241582],[0.8323901360074013,0.17423035252599706,0.5937717736798162,0.0709371881648213],[-0.7167948892883933,-0.6829978256080805,-1.7376416364993388,0.25448045730491226]],[[-0.5142264587405261,-0.6630101715303446,0.26513434692797033,-0.8189173970088699],[-0.6866418214918308,-0.20602552302986465,-0.8946813397861197,0.38458550391815255],[-0.7823823959484615,1.0918640081684838,-1.5341416012326634,0.8476931580418158],[0.025864788808796835,0.5997701342511433,0.4066609517036195,0.07741329131922647]]]}